date-time, x, y, z, pitch, yaw, roll, body-part***************************************************************** 
 
 
***************************************************************** 
 
 
***************************************************************** 
 
 
***************************************************************** 
 
 
***************************************************************** 
 
 
***************************************************************** 
 
 
***************************************************************** 
 
 
***************************************************************** 
 
 
***************************************************************** 
 
 
***************************************************************** 
 
 
***************************************************************** 
 
 
***************************************************************** 
 
 
***************************************************************** 
 
 
***************************************************************** 
 
 
***************************************************************** 
 
 
***************************************************************** 
 
 
***************************************************************** 
 
 
***************************************************************** 
 
 
***************************************************************** 
 
 
***************************************************************** 
 
 
***************************************************************** 
 
 
***************************************************************** 
 
 
***************************************************************** 
 
 
***************************************************************** 
 
 
***************************************************************** 
 
 
***************************************************************** 
 
 
***************************************************************** 
 
 
***************************************************************** 
 
 
***************************************************************** 
 
 
***************************************************************** 
 
 
***************************************************************** 
 
 
***************************************************************** 
 
 
***************************************************************** 
 
 
***************************************************************** 
 
 
***************************************************************** 
 
 
***************************************************************** 
 
 
***************************************************************** 
 
 
***************************************************************** 
 
 
***************************************************************** 
 
 
***************************************************************** 
 
 
***************************************************************** 
 
 
***************************************************************** 
 
 
***************************************************************** 
 
 
***************************************************************** 
 
 
***************************************************************** 
 
 
***************************************************************** 
 
 
***************************************************************** 
 
 
***************************************************************** 
 
 
***************************************************************** 
 
 
***************************************************************** 
 
 
***************************************************************** 
 
 
***************************************************************** 
 
 
***************************************************************** 
 
 
***************************************************************** 
 
 
***************************************************************** 
 
 
***************************************************************** 
 
 
***************************************************************** 
 
 
***************************************************************** 
 
 
***************************************************************** 
 
 
***************************************************************** 
 
 
***************************************************************** 
 
 
***************************************************************** 
 
 
***************************************************************** 
 
 
***************************************************************** 
 
 
***************************************************************** 
 
 
***************************************************************** 
 
 
***************************************************************** 
 
 
***************************************************************** 
 
 
***************************************************************** 
 
 
***************************************************************** 
 
 
***************************************************************** 
 
 
